,Episode,Average Reward,Epsilon
0,1,-100.0,1.0
1,20,-99.5,0.6812326242398921
2,80,-99.0,0.45479633056219465
