,Episode,Max Reward,Epsilon
0,1,-100,1.0
1,3,-90,0.9937597656249999
2,18,-80,0.9481825981886634
