,Episode,Average Reward,Epsilon
0,1,-100.0,1.0
1,20,-99.5,0.9422657165456695
2,240,-98.5,0.47329120282446685
