,Episode,Average Reward,Epsilon
0,1,-100.0,1.0
1,20,-99.5,0.45660974774391455
2,60,-99.0,0.30545902592830454
3,160,-98.5,0.24983705645845267
