,Episode,Max Reward,Epsilon
0,1,-100,0.5526834771623851
1,20,-90,0.45660974774391455
